994947267136,윈터,2023-11-27 10:36:48.274636
994947267136,윈터,2023-11-27 10:36:48.274636
994947267136,윈터,2023-11-27 10:36:48.274636
994947267136,윈터,2023-11-27 10:36:48.274636
994947267136,윈터,2023-11-27 10:36:48.274636
994947267136,윈터,2023-11-27 10:36:48.274636
994947267136,윈터,2023-11-27 10:36:48.274636
994947267136,윈터,2023-11-27 10:36:48.274636
994947267136,윈터,2023-11-27 10:47:54.852267
994947267136,윈터,2023-11-27 10:47:54.852267
994947267136,윈터,2023-11-27 10:47:54.852267
994947267136,윈터,2023-11-27 11:15:02.759989
994947267136,윈터,2023-11-27 11:15:02.759989
994947267136,윈터,2023-11-27 11:15:02.759989
994947267136,윈터,2023-11-27 11:17:52.042352
994947267136,윈터,2023-11-27 11:21:44.776466
994947267136,윈터,2023-11-27 11:21:44.776466
994947267136,윈터,2023-11-27 11:25:20.992059
994947267136,윈터,2023-11-27 11:25:20.992059
994947267136,윈터,2023-11-27 11:25:20.992059
994947267136,윈터,2023-11-27 11:30:40.409140
994947267136,윈터,2023-11-27 11:30:40.409140
994947267136,Rd,2023-11-28 17:46:42.696123
994947267136,Rd,2023-11-28 17:46:42.696123
994947267136,hgtuyffiu,2023-11-28 17:50:57.538793
994947267136,no,2023-12-01 13:38:55.029981
